depth,pixel_0,pixel_1,pixel_2,pixel_3,pixel_4,pixel_5,pixel_6,pixel_7,pixel_8,pixel_9,pixel_10,pixel_11,pixel_12,pixel_13,pixel_14,pixel_15,pixel_16,pixel_17,pixel_18,pixel_19,pixel_20,pixel_21,pixel_22,pixel_23,pixel_24,pixel_25,pixel_26,pixel_27,pixel_28,pixel_29,pixel_30,pixel_31,pixel_32,pixel_33,pixel_34,pixel_35,pixel_36,pixel_37,pixel_38,pixel_39,pixel_40,pixel_41,pixel_42,pixel_43,pixel_44,pixel_45,pixel_46,pixel_47,pixel_48,pixel_49,pixel_50,pixel_51,pixel_52,pixel_53,pixel_54,pixel_55,pixel_56,pixel_57,pixel_58,pixel_59,pixel_60,pixel_61,pixel_62,pixel_63,pixel_64,pixel_65,pixel_66,pixel_67,pixel_68,pixel_69,pixel_70,pixel_71,pixel_72,pixel_73,pixel_74,pixel_75,pixel_76,pixel_77,pixel_78,pixel_79,pixel_80,pixel_81,pixel_82,pixel_83,pixel_84,pixel_85,pixel_86,pixel_87,pixel_88,pixel_89,pixel_90,pixel_91,pixel_92,pixel_93,pixel_94,pixel_95,pixel_96,pixel_97,pixel_98,pixel_99,pixel_100,pixel_101,pixel_102,pixel_103,pixel_104,pixel_105,pixel_106,pixel_107,pixel_108,pixel_109,pixel_110,pixel_111,pixel_112,pixel_113,pixel_114,pixel_115,pixel_116,pixel_117,pixel_118,pixel_119,pixel_120,pixel_121,pixel_122,pixel_123,pixel_124,pixel_125,pixel_126,pixel_127,pixel_128,pixel_129,pixel_130,pixel_131,pixel_132,pixel_133,pixel_134,pixel_135,pixel_136,pixel_137,pixel_138,pixel_139,pixel_140,pixel_141,pixel_142,pixel_143,pixel_144,pixel_145,pixel_146,pixel_147,pixel_148,pixel_149,pixel_150,pixel_151,pixel_152,pixel_153,pixel_154,pixel_155,pixel_156,pixel_157,pixel_158,pixel_159,pixel_160,pixel_161,pixel_162,pixel_163,pixel_164,pixel_165,pixel_166,pixel_167,pixel_168,pixel_169,pixel_170,pixel_171,pixel_172,pixel_173,pixel_174,pixel_175,pixel_176,pixel_177,pixel_178,pixel_179,pixel_180,pixel_181,pixel_182,pixel_183,pixel_184,pixel_185,pixel_186,pixel_187,pixel_188,pixel_189,pixel_190,pixel_191,pixel_192,pixel_193,pixel_194,pixel_195,pixel_196,pixel_197,pixel_198,pixel_199
112,239,249,18,133,55,127,159,28,29,172,60,91,91,140,212,163,75,12,133,114,206,133,138,251,100,49,80,187,237,121,123,99,236,240,172,149,91,163,157,35,7,27,164,221,205,17,135,26,143,227,29,235,71,252,203,170,226,112,145,77,5,37,186,222,151,49,232,176,159,174,121,7,104,150,13,184,37,185,116,184,206,215,139,118,177,90,78,232,145,154,234,173,225,102,216,189,173,151,124,146,125,64,62,21,131,57,224,138,77,253,253,148,160,253,184,138,224,142,78,233,43,210,124,45,192,198,224,115,7,157,170,5,47,96,8,105,238,0,243,123,205,31,119,117,165,170,112,23,1,92,211,183,196,89,148,99,154,191,209,23,76,119,230,125,198,194,3,60,70,193,5,240,250,25,173,184,82,10,4,220,108,63,142,151,87,94,248,18,101,206,71,27,190,157,113,230,166,0,56,24
628,119,176,72,101,198,139,34,93,157,185,16,46,148,139,63,114,174,194,6,22,31,115,198,169,139,36,170,250,165,255,172,217,155,229,242,136,56,93,88,32,204,134,222,27,173,97,173,96,202,229,204,92,14,50,45,67,74,101,90,25,116,251,34,202,100,100,97,137,7,27,118,53,177,86,152,16,252,161,111,224,69,203,240,140,206,41,67,92,203,6,173,184,80,193,37,212,77,240,125,130,119,72,158,21,164,190,11,215,43,181,236,233,59,210,88,244,63,150,99,140,1,38,37,232,237,36,78,74,70,101,255,98,50,4,27,62,18,38,245,135,172,68,80,76,140,97,12,121,39,217,59,138,71,44,253,198,172,103,134,4,31,68,181,155,170,76,109,239,236,173,161,145,14,136,169,247,252,66,18,200,229,124,203,75,170,170,133,88,224,147,148,138,211,240,19,1,157,67,157,43
974,136,59,68,159,18,180,242,180,236,33,50,31,136,71,30,38,156,141,192,252,2,252,64,129,25,193,15,62,44,177,228,171,249,172,246,147,198,185,226,164,87,174,2,94,23,108,173,14,14,214,67,202,65,143,253,218,135,92,83,248,215,29,52,254,97,40,136,61,162,210,27,74,232,54,40,223,70,70,155,103,218,218,188,179,112,31,208,183,57,99,239,134,155,56,46,82,109,46,220,253,13,36,233,223,37,163,185,110,208,73,70,7,156,131,181,166,167,232,111,228,176,248,46,127,106,230,160,197,88,23,148,32,189,219,234,239,15,212,68,210,98,60,38,37,239,110,132,172,156,100,169,32,162,227,222,23,17,192,4,177,182,137,75,198,89,245,234,81,171,141,49,187,3,232,33,119,47,193,138,225,194,235,182,211,27,117,165,80,91,106,149,163,249,63,97,172,22,220,156,166
641,163,223,198,197,167,79,230,188,98,155,174,229,125,172,230,33,1,164,71,194,166,50,135,22,42,103,251,3,38,53,122,93,78,11,240,33,118,154,81,72,178,3,214,204,62,161,0,136,184,31,2,21,74,103,50,221,94,213,149,250,136,65,127,21,115,165,231,142,165,209,42,121,162,144,6,150,119,115,23,49,174,187,61,107,164,252,226,105,160,187,233,1,252,164,129,106,222,182,114,126,107,205,63,22,138,181,179,58,169,252,68,123,47,147,180,16,137,160,191,32,171,76,175,27,51,125,244,201,92,170,223,7,136,222,5,77,12,60,121,240,11,92,253,74,94,168,242,169,141,38,86,130,238,5,187,230,179,206,151,22,247,42,97,113,42,55,238,80,68,233,90,219,232,145,251,188,13,237,149,255,226,111,59,15,66,97,97,238,237,23,50,174,121,113,242,95,236,3,208,144
445,30,34,3,205,131,138,57,26,127,7,205,205,154,242,67,241,37,225,29,5,212,223,232,196,102,11,118,66,84,145,72,33,23,44,103,36,53,43,129,68,205,180,115,140,37,92,27,210,241,62,30,96,63,95,241,53,6,221,128,128,106,92,117,194,53,14,123,33,150,59,166,245,122,19,192,61,137,228,87,24,205,95,186,127,202,67,40,148,108,167,149,175,12,194,218,29,143,141,124,111,189,213,104,109,98,142,87,244,33,174,125,107,21,254,194,60,240,137,206,106,43,187,91,16,227,230,47,219,88,98,213,75,150,35,190,72,186,119,176,138,70,27,116,3,109,64,52,0,127,161,135,245,222,191,186,188,208,242,246,184,143,185,172,164,248,216,85,196,202,12,85,8,75,22,85,141,130,44,33,170,33,185,47,138,31,212,185,116,157,92,35,77,61,31,37,114,185,61,108,59
75,157,194,40,125,32,48,174,39,177,75,211,201,110,64,73,174,47,62,165,153,81,71,202,201,149,204,63,39,131,37,100,229,30,158,220,190,252,80,73,83,244,73,230,214,117,80,195,74,108,91,6,83,27,233,234,158,166,7,220,28,64,184,42,253,238,222,194,194,66,193,226,90,224,85,141,27,16,12,195,115,75,184,99,182,88,133,180,132,27,209,49,223,5,100,182,227,129,184,121,22,39,105,141,251,36,223,22,253,37,4,21,16,23,27,222,102,137,234,94,46,217,206,166,245,103,120,239,6,110,129,82,139,94,164,158,95,185,194,207,225,177,71,168,206,31,81,32,60,97,215,60,150,111,156,26,55,4,181,15,246,255,65,111,53,244,183,5,38,4,103,157,160,192,96,198,101,163,102,82,233,116,238,223,250,234,85,218,190,57,129,207,81,191,26,97,28,3,29,111,122
555,171,174,243,114,250,113,131,51,122,149,18,102,238,43,169,191,185,7,82,44,124,156,111,108,29,149,32,78,29,47,55,239,163,227,137,102,158,247,244,20,57,49,174,86,225,60,106,184,253,253,239,207,223,124,197,231,136,223,243,155,148,26,59,156,1,206,92,145,143,90,1,116,219,5,72,124,244,237,23,1,232,218,104,214,108,208,238,184,30,37,176,30,53,27,61,0,67,232,220,20,34,130,126,220,122,203,235,197,250,98,155,119,233,72,238,7,251,94,165,157,175,29,63,252,111,163,253,205,143,38,188,166,243,47,93,36,164,208,131,231,147,81,56,93,30,181,33,114,104,130,248,60,227,102,132,35,198,158,112,210,25,23,226,151,111,199,121,74,55,131,215,50,231,25,91,77,59,182,69,254,89,51,60,238,170,71,6,149,224,151,178,78,131,200,223,46,56,191,56,28
717,0,26,35,167,58,33,19,116,103,163,254,110,248,179,93,22,203,180,8,117,109,226,187,88,15,0,94,209,218,61,122,207,134,153,121,167,183,180,86,113,223,165,211,83,51,106,26,92,222,195,78,64,250,225,231,205,66,51,104,208,23,183,23,26,64,144,17,235,249,227,220,131,214,244,231,24,228,47,62,188,184,115,74,181,29,226,56,198,255,24,180,25,111,232,150,8,166,135,29,158,69,104,110,54,171,166,212,83,10,182,92,208,124,165,185,7,12,124,87,119,138,181,94,3,113,50,213,128,16,169,159,108,103,30,125,120,119,200,67,17,36,53,66,187,162,180,71,101,16,177,15,12,186,14,192,85,203,199,44,146,6,227,184,116,201,254,161,12,15,142,112,213,211,176,197,184,120,102,36,136,164,243,41,125,4,27,209,62,40,138,2,180,47,173,214,51,65,252,236,241
903,192,218,119,194,162,211,151,136,37,174,152,173,250,109,23,80,101,39,140,84,179,89,61,165,186,223,132,0,11,83,48,151,92,68,243,2,209,133,30,169,15,53,55,202,185,131,14,49,239,28,237,17,182,248,142,244,5,248,3,74,170,244,41,115,117,181,5,85,53,128,26,50,173,16,18,130,23,123,173,45,73,162,57,200,63,20,153,21,143,5,219,81,149,71,106,115,49,201,116,220,151,216,246,72,82,13,65,37,173,4,200,152,23,73,79,2,13,29,2,106,112,210,163,27,136,70,166,31,31,251,39,11,36,195,29,250,127,223,210,238,9,214,138,23,136,206,27,58,163,162,157,251,73,63,140,88,215,233,50,4,147,62,191,224,0,4,147,124,237,173,205,222,244,77,18,189,203,26,145,143,145,11,113,113,200,183,71,232,225,181,46,52,39,119,153,37,146,78,121,110
73,238,227,191,216,97,11,225,66,177,112,92,198,85,63,164,19,255,44,107,113,67,125,65,57,62,98,19,75,225,234,195,4,104,152,87,83,21,151,170,134,114,40,14,49,93,164,0,126,134,136,160,196,122,122,99,48,69,77,236,59,111,46,247,155,229,120,36,66,8,47,113,173,46,206,183,243,241,121,174,84,30,111,41,140,6,145,154,222,43,253,167,167,19,48,28,177,218,195,247,155,206,143,140,56,193,114,123,86,38,197,82,105,222,236,85,66,18,196,8,181,224,158,231,158,164,42,45,13,120,143,211,237,208,11,113,107,39,9,175,144,94,103,15,196,8,62,197,112,195,157,73,35,65,237,246,230,232,181,104,128,36,133,56,145,98,59,98,247,28,196,163,144,8,155,52,26,236,219,19,15,178,162,247,163,167,27,74,201,119,253,80,68,222,132,29,214,71,168,191,193
201,16,123,81,137,130,240,159,59,249,7,60,67,194,102,36,219,42,45,142,232,199,210,70,121,204,170,93,34,188,80,60,58,98,29,83,145,28,108,0,236,209,226,252,15,4,153,63,18,40,144,240,227,133,77,104,35,63,183,112,180,184,132,40,176,40,169,104,144,101,191,96,245,250,26,43,73,224,95,172,181,191,235,74,123,124,218,13,62,207,110,122,232,190,95,152,73,184,122,112,205,131,158,28,243,12,63,118,243,125,235,42,218,245,248,218,203,223,45,165,221,192,237,162,80,41,99,159,105,68,83,129,128,235,97,12,17,86,181,103,19,209,242,154,51,49,177,163,35,168,75,208,126,54,181,108,243,160,158,141,111,63,0,133,90,84,162,165,218,150,117,6,90,19,220,210,128,214,182,130,15,205,241,101,159,36,221,149,227,124,177,123,76,61,227,187,144,56,195,28,63
348,80,187,230,52,63,216,76,197,18,163,32,217,143,84,130,127,213,80,160,166,88,182,216,236,253,239,225,171,166,243,201,82,91,189,38,52,27,205,76,113,118,146,137,158,216,94,44,178,177,140,123,165,194,201,216,149,14,244,246,174,57,198,216,245,89,183,7,223,226,2,216,35,229,128,70,223,172,117,253,75,197,142,57,133,34,27,187,44,253,51,146,223,10,174,21,140,54,44,187,48,236,21,6,50,60,180,190,242,100,77,120,21,10,157,161,144,75,44,165,64,13,62,5,234,42,123,13,34,110,24,251,38,213,113,57,248,48,56,101,125,108,187,233,214,87,237,94,171,34,69,150,160,160,34,149,56,88,207,166,2,74,28,235,3,32,206,229,45,24,185,204,212,254,55,93,225,157,134,15,4,208,15,68,68,241,123,232,37,1,15,166,62,147,26,144,109,95,8,191,130
509,52,218,95,252,53,226,124,109,40,154,207,62,100,66,96,106,79,185,243,115,142,184,157,18,57,76,58,250,193,218,145,171,39,30,232,63,254,156,6,80,48,191,219,68,69,14,236,182,190,61,59,248,74,239,213,210,187,159,5,253,80,31,217,77,79,187,96,113,31,62,246,176,50,192,203,71,206,24,162,252,233,225,165,63,247,18,70,224,144,109,201,102,141,46,100,22,22,249,119,197,233,19,229,127,90,223,108,6,38,151,128,56,6,162,104,180,241,1,92,33,46,181,12,234,251,187,253,101,142,236,238,239,84,125,69,72,180,248,36,98,171,27,190,35,32,70,174,7,248,108,154,76,131,238,154,126,254,62,75,22,84,54,106,228,105,202,219,190,90,132,65,18,64,145,245,87,31,129,6,44,208,116,23,142,63,192,88,52,0,28,209,251,185,109,65,242,236,212,228,125
743,152,7,243,213,254,39,68,219,26,114,181,91,57,244,213,173,30,105,129,96,31,83,130,68,11,137,241,91,251,205,9,103,145,26,233,111,130,200,206,13,144,144,42,133,100,244,202,37,135,120,254,229,75,153,191,251,149,228,164,89,152,172,179,230,11,192,222,8,112,128,85,16,170,125,121,185,254,142,169,246,252,121,81,65,230,33,77,72,123,228,112,234,196,226,100,29,155,248,7,155,182,120,204,39,238,190,113,226,108,55,174,150,228,132,0,128,147,176,61,157,58,75,84,8,138,112,106,243,127,85,253,114,198,111,253,205,175,102,177,214,236,22,226,76,243,40,18,71,15,62,228,147,36,254,219,226,124,129,10,18,144,229,248,8,85,62,124,68,80,83,26,6,13,121,240,254,72,106,83,137,148,31,125,92,76,22,86,224,138,21,175,108,46,79,71,43,214,102,74,179
290,223,246,231,40,60,81,3,118,107,103,174,246,99,226,65,171,169,24,20,131,229,230,191,75,57,189,99,91,176,216,141,204,91,173,69,249,10,117,20,124,117,56,84,238,17,57,179,237,38,250,162,92,236,173,34,90,85,118,155,179,111,16,139,232,191,25,55,96,158,74,11,67,224,124,142,176,59,223,154,105,104,101,250,184,123,179,162,52,190,36,218,179,124,171,115,14,161,154,27,9,25,27,87,236,22,96,243,151,194,150,251,52,240,52,67,69,72,93,41,113,38,182,236,136,102,213,183,122,92,8,101,54,106,21,113,96,10,114,252,197,245,199,69,177,154,208,62,65,126,16,194,165,232,88,250,13,126,207,38,39,86,77,176,133,111,132,28,85,65,82,152,219,78,252,88,80,105,66,230,255,194,135,209,161,26,135,129,36,10,106,190,52,0,34,93,114,29,56,156,19
406,124,182,226,75,29,176,117,239,51,163,175,195,220,178,133,229,45,149,167,254,140,0,143,191,18,239,52,164,2,191,132,37,15,26,246,147,21,44,46,252,77,143,74,179,33,75,112,107,179,200,177,71,31,212,246,220,144,69,159,166,236,192,168,194,98,206,221,121,215,64,21,41,142,244,117,15,161,183,145,172,66,39,51,14,226,125,103,204,220,212,191,108,101,90,187,221,6,79,207,105,17,41,147,55,241,75,216,148,40,48,90,203,150,84,43,27,59,116,13,165,28,58,213,81,157,174,33,104,251,132,53,208,230,17,178,60,159,232,30,82,143,110,8,90,69,65,60,22,3,118,192,241,53,106,229,223,212,231,181,214,51,40,213,1,0,218,213,183,60,242,76,161,166,156,113,170,160,227,231,146,7,47,108,183,225,174,19,149,105,192,230,203,250,77,110,125,207,111,255,118
859,4,177,139,45,39,79,157,42,6,114,45,155,130,232,131,208,244,178,139,133,163,189,91,247,197,165,50,160,60,144,6,28,70,3,238,2,139,48,225,220,202,240,95,16,229,93,154,55,202,184,124,247,223,26,158,174,193,127,70,108,109,191,3,153,120,3,56,137,28,202,53,250,224,97,229,80,142,117,110,26,60,225,248,80,197,149,19,127,135,248,106,37,200,39,102,140,0,239,201,250,26,224,31,93,105,205,233,60,232,78,44,186,254,109,166,242,136,156,144,185,163,201,120,62,126,201,106,26,126,254,113,203,122,63,224,234,242,198,70,254,149,147,203,167,141,81,75,104,74,30,20,113,142,133,93,237,146,33,195,175,159,80,193,87,7,211,72,143,45,129,107,28,178,103,75,113,109,8,93,1,220,96,202,70,252,190,70,167,73,52,164,136,68,134,1,61,154,241,16,178
452,24,94,218,227,142,185,242,117,85,116,81,75,150,92,159,120,76,93,153,202,152,59,187,7,251,83,189,154,132,115,140,137,215,101,21,173,133,180,214,181,174,17,224,81,123,91,136,10,27,83,212,127,155,43,86,154,249,4,150,172,172,168,57,129,66,198,70,217,212,179,172,195,157,211,47,220,151,99,9,214,56,45,6,195,124,174,235,190,166,138,65,99,177,13,164,174,195,78,45,79,47,106,75,85,158,181,43,165,67,183,87,77,151,95,242,237,108,4,84,159,251,124,120,230,127,0,70,160,111,41,188,168,67,154,116,190,159,31,83,131,168,92,156,90,225,97,180,189,17,210,113,5,229,150,29,78,197,226,161,159,206,123,33,48,158,179,47,119,10,160,34,89,240,153,139,66,149,200,64,37,134,180,151,230,152,108,194,142,188,239,182,106,122,31,219,175,176,124,146,134
490,140,56,36,52,48,95,107,28,208,52,85,233,176,100,61,221,217,37,133,162,162,12,62,192,124,96,51,51,125,104,230,153,107,50,102,78,225,219,50,184,202,103,166,250,51,93,106,202,139,225,214,49,126,174,244,214,145,188,136,200,230,67,207,238,130,120,50,206,131,202,112,61,79,54,48,182,149,231,147,38,36,26,24,204,77,49,47,192,34,247,29,167,174,142,226,111,114,199,132,105,27,138,2,5,137,141,166,114,62,27,250,108,184,177,198,79,221,212,19,194,208,0,195,55,61,61,110,176,211,129,193,12,10,11,242,164,200,222,136,168,18,34,62,118,249,84,139,239,129,31,190,190,164,74,71,118,9,230,184,8,81,60,61,90,241,234,47,151,113,248,68,241,172,66,139,81,120,174,49,107,92,31,167,152,84,207,171,235,7,100,128,242,98,67,226,19,127,2,249,128
902,174,146,118,41,112,204,65,158,132,95,34,86,122,228,171,178,73,61,105,15,231,140,146,17,227,64,213,233,193,236,169,249,83,92,134,140,45,182,38,229,145,42,112,96,41,142,240,232,128,199,202,228,218,14,99,149,254,152,61,114,46,29,231,179,250,235,218,189,102,67,86,237,127,137,50,243,114,101,25,77,96,133,238,176,215,64,20,124,60,111,201,153,254,109,32,97,91,234,236,131,242,77,210,162,248,22,161,125,228,177,176,11,107,167,100,89,67,243,72,154,27,237,119,251,222,165,113,226,128,104,36,216,86,73,40,123,111,110,13,77,173,141,127,35,115,65,140,161,168,16,70,254,72,169,228,251,251,8,169,55,136,78,158,218,0,214,228,224,10,14,139,217,38,207,88,48,187,57,105,94,23,40,24,137,197,6,235,159,44,106,25,71,74,126,112,70,118,73,172,243
538,18,167,185,145,4,128,202,203,188,125,146,80,135,162,64,29,243,170,55,222,134,37,17,82,178,141,171,110,220,155,220,118,116,195,242,139,186,221,101,183,66,203,233,10,14,226,94,244,215,38,35,85,52,221,23,148,158,59,158,85,73,168,114,148,252,138,46,74,136,16,238,150,93,45,115,26,135,125,173,135,101,137,34,230,192,33,87,42,128,226,18,114,83,159,24,170,72,191,147,212,59,13,88,124,240,146,114,137,253,178,49,216,104,101,210,76,152,75,141,208,48,208,54,82,237,64,49,67,237,144,209,87,77,3,244,244,122,110,155,227,34,183,1,233,8,231,149,78,35,121,233,56,90,27,204,214,169,27,5,217,204,74,33,14,108,131,108,19,133,236,140,219,21,235,6,137,150,221,173,222,193,13,175,22,91,183,70,192,36,100,240,204,124,230,3,242,220,128,5,143
109,3,112,205,247,215,87,92,42,33,140,54,48,79,68,192,171,152,73,204,183,140,234,122,215,42,76,81,80,118,143,60,228,188,32,84,105,163,205,135,247,17,4,164,113,88,229,173,226,72,7,73,166,127,191,1,93,48,81,154,16,234,90,34,120,5,142,152,78,165,149,184,240,79,32,115,220,57,196,147,127,145,108,33,88,41,95,10,241,121,242,199,167,234,84,181,110,30,110,229,7,178,82,132,199,60,18,234,251,113,99,183,34,139,72,186,22,196,247,38,160,23,222,81,78,190,9,152,114,27,151,214,34,178,7,25,46,199,250,40,136,177,61,129,19,158,160,195,86,224,209,83,217,87,134,91,102,217,83,219,142,47,26,186,184,83,229,47,247,146,11,87,24,196,168,40,59,81,16,17,223,193,87,139,202,252,136,29,239,90,196,132,136,210,33,187,226,204,130,234,39
455,50,169,249,116,73,255,35,28,69,108,11,182,80,243,56,174,29,12,71,174,223,135,69,207,221,220,194,221,71,242,161,93,187,52,199,124,138,36,133,199,35,192,44,57,104,153,16,120,245,140,248,152,91,176,242,167,204,223,194,217,193,99,215,50,173,22,116,24,170,204,88,44,58,123,144,82,252,209,80,131,162,74,72,66,48,163,159,64,235,238,12,124,1,81,248,50,177,23,201,248,96,162,207,40,142,241,22,73,245,247,91,32,180,144,245,16,18,255,206,251,152,37,203,77,239,38,45,53,229,243,142,79,103,238,233,106,248,1,45,53,229,158,85,6,63,12,222,181,38,59,176,176,161,229,9,105,224,72,143,227,8,33,243,163,25,21,249,184,194,80,13,148,82,3,209,179,94,93,35,115,196,20,182,24,168,152,1,74,137,218,30,103,147,85,57,243,195,243,154,131
462,80,127,143,24,224,130,1,78,165,158,53,107,24,152,158,232,150,152,170,117,239,129,0,71,26,162,156,219,243,113,70,152,211,250,150,233,229,183,150,153,250,208,145,86,121,88,122,120,200,43,24,225,82,187,133,96,181,244,56,240,131,43,209,0,92,245,53,84,40,6,142,237,102,212,4,7,171,201,101,63,15,194,129,228,65,98,57,155,26,214,130,129,134,130,57,120,24,35,61,166,143,203,238,173,94,171,149,23,15,145,14,234,165,95,168,62,25,91,106,251,213,122,123,80,192,159,101,252,233,204,196,182,122,164,72,19,147,224,31,192,3,54,189,218,176,232,6,208,92,148,128,185,238,164,146,134,230,146,95,162,209,78,121,203,134,223,82,170,139,230,148,158,146,211,187,114,237,118,32,234,100,54,140,148,212,73,168,196,39,188,7,229,104,165,169,122,131,61,235,49
285,110,248,143,15,133,127,231,209,236,56,112,221,57,234,181,115,141,112,225,126,221,66,198,114,143,132,137,43,147,133,17,108,151,36,196,251,151,198,15,117,0,117,44,119,149,78,201,136,140,141,1,17,72,78,130,77,248,91,4,100,203,134,4,245,86,181,48,209,70,170,100,1,56,251,112,30,231,160,32,15,95,28,166,66,200,234,34,169,19,127,158,176,76,32,46,149,106,50,103,136,245,100,46,165,143,142,255,184,140,168,249,111,180,232,249,135,195,245,35,239,25,124,72,106,95,53,32,38,174,198,104,188,39,222,53,32,244,30,116,33,56,248,3,143,191,35,102,218,232,61,193,5,147,210,178,241,148,236,67,15,88,250,102,219,168,122,82,19,9,55,34,131,242,16,89,176,225,152,175,253,125,10,131,28,155,165,218,179,89,168,194,93,154,23,51,25,158,28,131,75
627,11,79,234,216,201,175,167,87,93,140,40,87,64,104,12,141,203,24,158,171,196,52,251,29,76,243,143,217,117,247,193,32,15,69,66,35,175,115,195,17,61,26,181,168,238,103,163,178,234,255,194,247,203,124,61,173,53,170,107,252,82,126,60,207,101,82,28,95,203,68,111,240,83,57,237,120,199,33,13,22,88,37,204,207,172,78,111,212,23,115,41,242,222,8,248,174,175,63,135,60,24,30,46,137,250,40,196,3,128,93,100,140,118,69,222,83,253,80,157,197,137,180,237,128,215,193,74,31,142,154,72,148,197,45,235,155,146,133,74,246,110,172,51,45,63,200,233,211,124,184,36,196,196,189,45,168,215,212,111,118,157,160,11,202,223,129,103,207,241,160,30,222,205,194,239,43,238,193,41,238,231,111,136,149,175,89,147,253,161,163,236,55,112,97,24,159,48,126,82,116
704,1,120,26,28,56,108,212,112,21,224,3,35,124,71,126,166,213,138,195,201,213,213,184,146,19,36,87,206,204,254,83,222,88,57,243,165,57,240,82,151,235,200,238,27,192,11,174,63,214,31,231,92,133,17,154,126,163,193,47,157,196,228,38,91,207,252,158,224,207,16,179,250,233,71,139,10,105,114,26,216,3,51,253,24,223,150,47,7,18,242,44,50,101,80,126,74,70,202,185,35,41,148,216,16,131,107,162,185,63,139,51,10,160,250,176,116,60,74,53,32,207,19,214,217,180,143,195,161,165,87,193,43,106,180,228,68,88,159,230,5,156,122,182,183,146,70,234,123,142,231,198,159,105,65,95,188,118,148,216,10,109,19,10,26,162,213,49,57,36,142,154,224,69,84,157,67,10,115,243,47,115,151,2,182,45,25,176,16,80,47,231,78,83,71,190,223,146,96,205,146
512,65,205,79,148,104,37,89,254,232,163,197,174,4,124,31,210,162,136,146,133,98,193,171,117,95,188,228,227,113,8,18,132,186,81,170,229,113,29,181,15,174,89,2,64,161,67,195,221,146,97,212,57,210,124,174,159,205,252,158,203,196,126,198,230,7,214,156,0,188,14,220,126,208,125,196,34,188,229,28,235,192,106,220,45,248,171,102,0,120,203,186,3,149,7,174,152,17,164,152,195,124,132,169,38,84,121,25,32,12,20,172,67,233,43,163,117,47,249,92,194,158,185,149,222,77,186,200,128,45,132,182,196,1,28,243,113,254,236,71,165,39,13,50,175,239,75,244,126,216,225,162,246,242,92,143,232,134,102,175,179,242,153,39,217,191,104,168,197,54,156,176,44,180,240,231,176,150,47,206,99,173,146,190,178,89,106,24,60,162,28,110,162,88,27,194,194,77,186,113,217
296,157,151,87,63,152,46,188,74,7,24,111,65,143,124,22,229,176,75,137,80,150,70,2,233,233,76,172,209,219,131,5,222,185,43,242,32,136,156,100,199,169,53,245,220,61,95,208,71,137,180,8,75,28,15,173,250,231,36,54,31,194,210,243,41,215,241,26,57,171,8,222,135,220,52,106,194,136,177,41,14,136,125,11,222,62,25,14,45,8,13,94,139,22,193,137,94,60,107,141,183,209,64,220,71,238,118,26,223,172,44,92,225,0,54,43,252,12,14,56,39,132,81,184,144,109,175,242,177,196,233,244,7,173,80,73,42,161,128,54,193,244,181,4,136,190,110,4,201,38,88,206,218,120,58,238,170,74,147,199,90,69,97,160,62,112,59,45,234,83,124,141,78,114,234,59,242,171,14,16,172,242,190,131,42,37,158,155,19,215,76,238,241,66,132,140,207,169,36,13,3
753,17,1,187,240,17,220,23,23,70,76,66,200,183,138,242,13,131,75,245,109,48,96,94,69,11,234,192,43,120,239,118,34,208,208,112,198,143,137,253,220,91,91,84,101,35,213,4,51,38,207,130,148,161,214,142,100,222,37,141,197,159,122,252,85,165,197,187,31,29,237,243,215,31,222,64,67,86,217,38,111,212,224,53,224,206,67,46,27,95,105,108,246,37,113,82,134,223,205,235,40,188,243,58,46,136,119,11,81,86,14,39,139,46,45,187,114,194,27,95,194,199,194,138,99,22,90,214,82,102,172,6,225,11,89,103,137,31,80,108,58,126,60,250,33,94,12,56,206,103,148,207,100,198,10,249,179,251,105,136,81,203,71,130,231,113,180,64,166,47,243,99,234,72,12,33,223,13,153,56,120,156,116,231,216,65,190,60,148,105,166,38,75,195,6,181,164,163,187,151,0
77,108,216,168,237,7,43,227,177,183,65,206,108,137,107,153,144,87,221,23,52,197,218,11,226,184,78,34,149,104,151,29,211,116,174,125,206,189,123,74,22,134,220,129,73,198,132,189,166,27,7,22,40,98,68,74,179,244,4,4,59,10,108,196,10,187,96,36,22,84,70,47,157,212,227,214,30,43,180,149,92,46,188,145,217,13,9,216,112,91,235,191,184,199,75,180,97,140,196,92,17,247,30,167,188,244,49,57,234,253,35,177,94,178,240,37,108,77,42,104,10,86,162,23,212,182,96,196,115,164,114,139,233,204,151,70,181,61,204,44,244,168,123,228,169,174,143,116,88,24,154,155,198,74,129,115,1,224,127,23,40,46,245,55,70,161,212,149,119,210,102,171,68,95,168,19,58,102,90,193,40,194,231,254,68,69,165,154,33,3,73,230,247,244,125,158,56,139,176,67,11
664,191,188,148,172,80,191,170,171,25,6,192,152,166,114,163,91,184,132,22,198,51,90,11,228,254,131,213,120,112,97,138,158,97,220,167,222,124,101,139,115,140,191,54,240,251,207,188,115,69,60,153,167,69,228,56,58,63,224,144,101,88,154,90,88,51,162,246,73,246,217,25,240,238,148,21,227,218,12,43,82,93,195,197,249,131,125,223,113,198,73,165,199,33,247,180,207,21,134,65,191,41,226,128,40,201,2,223,96,80,150,77,126,114,191,223,2,154,28,106,167,104,180,19,187,8,243,144,156,51,81,221,85,242,187,46,125,155,45,19,168,11,24,252,40,15,183,75,196,70,151,33,216,54,16,152,81,48,200,233,14,219,86,123,100,159,58,64,177,38,214,65,7,14,23,251,108,105,199,205,4,74,225,226,248,80,245,36,50,161,218,191,40,223,105,132,127,73,238,205,50
489,90,33,120,241,249,207,93,116,35,35,6,244,102,194,177,153,159,161,235,3,150,250,176,164,225,152,70,66,140,62,100,180,188,26,15,29,22,246,34,230,150,130,171,226,237,133,72,190,102,186,8,207,67,250,227,53,78,2,113,71,126,158,177,210,75,84,174,57,74,50,180,225,252,132,135,69,86,249,144,181,207,232,76,222,228,11,21,142,82,33,75,144,86,4,48,187,175,87,2,139,236,87,222,25,253,140,164,93,181,31,240,101,119,79,233,128,39,118,11,159,123,129,248,115,207,1,129,69,186,253,205,172,91,208,148,187,0,38,38,35,160,131,137,44,128,183,185,28,148,79,88,18,251,194,50,85,139,151,140,151,132,35,120,107,88,253,22,207,134,31,18,56,93,162,191,61,129,84,10,214,89,131,242,204,156,24,46,173,179,59,224,27,215,167,79,62,50,227,26,201
63,255,159,217,224,39,193,196,152,14,168,238,186,74,178,220,211,20,224,181,28,110,22,83,7,105,219,67,105,37,159,182,123,123,57,128,45,172,188,25,179,24,11,35,62,225,25,116,216,199,144,164,141,39,98,253,110,32,66,141,143,219,126,36,52,211,6,62,46,86,162,5,27,216,4,147,122,213,49,90,189,18,195,1,43,71,37,25,69,245,158,87,128,4,230,246,94,97,221,229,73,51,5,17,166,45,118,73,99,153,11,200,160,91,103,28,225,25,221,64,165,222,72,217,181,119,217,250,230,116,45,190,143,13,149,64,195,62,22,155,172,32,179,62,38,48,83,86,96,120,160,84,181,223,193,36,233,188,13,249,52,109,22,231,155,236,227,68,66,106,233,105,132,165,64,4,92,168,99,91,119,217,164,95,55,205,153,158,1,254,253,14,130,33,57,6,139,218,86,125,224
931,52,212,97,18,17,159,180,179,140,34,63,178,94,22,47,55,230,138,67,199,19,113,244,154,163,8,23,138,61,39,10,114,28,251,70,54,142,121,79,28,50,230,2,27,30,150,176,186,129,90,230,140,155,86,109,208,10,45,178,48,247,175,33,151,236,192,190,111,94,7,164,223,179,12,17,58,110,157,1,61,186,77,57,163,140,34,176,154,203,89,229,192,170,217,202,254,110,84,85,206,218,14,221,48,147,240,116,50,95,202,71,147,20,8,98,96,223,184,50,160,253,85,188,243,210,92,152,237,248,237,138,136,116,94,8,144,123,27,176,123,114,109,47,0,121,104,54,123,29,12,58,82,211,88,167,114,208,182,200,17,170,108,76,207,184,30,32,252,21,141,115,137,212,206,132,160,226,13,116,9,225,27,210,175,83,72,10,24,90,122,82,153,133,43,245,195,244,157,236,111
392,197,126,240,78,120,222,99,205,193,190,214,134,149,54,76,179,133,140,242,13,94,207,140,29,79,4,23,176,102,162,109,172,174,150,135,33,86,144,161,167,114,45,200,42,55,188,199,6,125,125,135,139,1,21,82,77,251,75,212,73,162,41,18,138,103,72,88,217,193,16,56,108,128,236,77,152,247,75,162,158,195,237,110,73,124,177,140,91,242,198,217,207,148,185,243,73,217,242,61,53,79,142,21,113,252,76,36,205,125,60,12,106,40,209,204,162,226,213,22,234,110,169,235,118,23,113,192,136,189,202,54,201,156,13,201,30,158,141,225,12,199,45,16,77,50,56,130,75,16,160,9,228,102,68,14,108,180,243,67,130,200,78,61,39,73,66,128,51,250,39,146,75,112,163,115,248,139,229,222,254,178,99,42,243,164,190,157,210,16,114,101,77,128,166,163,48,59,89,209,165
422,10,36,247,87,64,48,239,120,80,255,2,249,12,146,212,153,101,124,99,111,244,41,92,105,78,84,72,70,229,189,125,3,5,94,44,253,54,212,48,62,142,219,241,116,224,111,167,2,36,142,211,95,125,93,178,114,0,230,96,144,159,199,209,63,69,209,29,28,0,136,227,65,74,109,8,126,251,135,2,142,121,239,170,175,56,90,158,134,12,227,173,185,255,195,192,31,8,228,52,43,91,48,130,80,136,219,134,213,145,221,250,181,22,70,110,155,251,91,172,185,61,178,128,138,33,72,9,185,51,215,253,185,128,197,139,91,90,181,182,132,244,233,247,32,138,199,97,51,255,105,233,27,244,213,84,29,166,56,246,4,143,19,249,242,8,141,9,98,28,166,173,207,11,249,102,54,84,140,190,56,81,117,221,113,0,177,174,102,188,27,218,215,211,220,196,30,37,53,152,90
459,59,183,188,133,148,68,162,232,12,106,8,254,185,162,197,40,16,46,196,175,195,218,39,64,255,78,0,249,79,168,137,19,17,200,239,163,49,223,0,227,16,143,253,59,6,121,46,82,8,117,146,31,210,72,60,139,82,77,146,111,43,237,109,44,107,141,219,136,106,204,203,82,118,12,47,200,113,246,199,0,3,102,201,131,193,170,243,112,29,90,21,3,139,45,182,239,55,251,70,125,210,145,42,110,32,142,175,24,198,204,84,38,105,164,5,66,221,150,17,59,189,127,136,168,191,144,103,211,116,146,80,232,84,243,199,249,228,160,204,218,215,181,39,230,215,179,49,111,201,194,246,15,56,96,0,54,114,35,147,107,96,111,6,186,199,132,233,114,66,130,76,82,220,233,12,184,146,86,154,50,154,20,134,43,92,172,72,193,40,177,84,146,112,67,117,55,211,197,233,65
439,104,149,96,198,62,130,176,225,201,53,71,138,97,147,7,163,9,245,233,128,48,161,26,60,195,74,90,60,121,211,69,223,195,84,130,53,193,114,239,232,6,149,187,40,249,180,9,1,208,147,117,35,113,81,66,86,118,225,201,12,71,180,252,206,238,37,83,34,203,210,149,16,127,145,199,245,239,150,19,102,156,222,114,253,74,48,77,44,198,136,201,239,5,92,205,80,37,123,246,65,62,249,75,70,18,253,77,162,129,241,57,33,128,63,41,130,7,250,250,71,85,238,162,182,156,243,170,19,75,236,207,17,201,8,211,52,55,9,59,68,3,235,136,115,182,73,20,109,170,16,86,88,139,51,188,31,56,226,192,12,137,22,155,172,244,196,193,156,122,245,140,187,169,32,211,238,227,102,203,130,40,25,148,197,111,149,102,127,216,108,106,254,179,182,14,160,212,16,252,114
605,68,0,48,172,222,233,25,86,134,248,92,22,143,19,96,234,247,8,101,132,108,60,46,130,56,6,94,7,39,213,75,38,170,197,64,167,135,203,69,2,217,197,103,3,164,220,160,186,78,236,152,70,254,192,7,50,140,209,103,40,31,80,143,249,225,131,21,165,211,61,156,235,111,235,164,22,237,15,135,202,76,94,252,73,239,254,13,164,11,119,192,163,189,23,205,255,33,171,81,253,76,28,166,175,5,150,84,147,195,162,156,54,138,126,131,127,145,154,70,203,212,255,190,119,70,184,35,31,226,107,170,130,253,74,215,57,151,71,104,168,239,138,185,109,87,95,235,50,75,17,138,90,179,216,137,241,44,217,77,130,44,195,105,25,195,131,149,142,96,160,58,77,62,116,99,7,69,128,232,108,163,168,127,44,117,197,169,96,127,94,244,67,237,135,108,46,73,235,139,232
57,145,181,106,184,250,43,93,111,196,24,105,66,50,121,233,187,134,63,121,60,251,254,235,4,20,244,124,65,49,53,36,137,209,234,135,121,8,85,173,150,119,189,244,127,166,114,125,21,202,151,200,221,53,31,206,201,88,214,245,200,103,63,91,208,124,56,161,220,1,182,160,176,88,82,169,86,244,78,198,8,150,80,219,107,30,61,176,216,8,51,128,61,112,219,96,168,54,173,118,133,38,9,175,75,245,211,204,109,40,101,30,74,55,83,174,246,151,23,127,38,140,221,65,181,125,96,63,122,202,148,233,216,216,230,153,162,203,77,213,64,191,21,116,190,150,39,87,213,233,151,153,202,2,57,44,17,117,159,175,56,200,244,8,45,232,2,176,101,180,34,133,197,36,121,87,108,21,139,226,14,201,190,169,33,95,200,196,108,8,212,114,130,93,69,131,117,166,21,70,132
545,79,223,1,221,9,64,121,126,75,126,123,114,108,232,252,247,154,92,247,153,248,225,178,174,232,96,49,196,47,187,164,34,14,55,34,28,218,24,34,236,45,250,71,205,222,128,131,207,213,96,92,197,87,43,69,129,197,12,52,142,78,155,3,190,67,122,156,19,110,28,3,175,97,6,74,16,21,248,127,32,227,93,51,139,90,121,88,6,135,124,125,78,33,116,205,103,219,46,255,75,165,84,50,31,49,129,194,103,110,144,152,90,10,182,83,204,235,69,88,123,0,118,186,254,169,229,212,16,45,79,68,70,159,104,94,222,160,113,92,32,12,79,201,3,99,208,163,45,9,53,33,253,44,132,189,148,244,115,86,56,184,135,112,136,11,103,200,83,182,29,250,46,88,242,255,196,41,63,206,226,214,154,196,28,151,175,51,48,60,136,145,13,252,33,244,44,67,58,8,105
738,122,15,100,172,53,4,81,135,161,225,181,204,87,96,51,168,1,187,31,43,196,66,133,76,4,152,14,237,117,62,33,124,160,116,181,208,228,37,168,181,219,53,214,121,217,113,140,42,8,162,88,102,34,242,138,23,240,236,194,38,176,172,239,255,19,184,227,159,216,92,242,48,0,157,23,73,2,245,1,6,191,206,5,2,240,98,163,101,158,176,112,203,109,250,84,93,212,105,225,203,27,241,32,27,47,132,215,95,238,92,1,13,62,150,208,37,83,239,148,230,39,236,70,73,61,91,195,208,48,25,49,252,22,64,167,112,175,96,112,219,190,40,171,162,204,41,174,51,193,147,81,28,178,132,106,135,172,18,102,32,49,63,251,95,152,76,199,145,183,215,183,97,47,29,13,194,23,1,58,38,207,87,154,14,155,208,136,77,215,100,254,73,133,127,65,171,69,211,222,41
853,230,255,128,52,191,164,130,161,133,134,237,65,184,8,185,96,156,188,181,28,73,161,20,91,110,9,235,25,120,33,177,6,29,76,168,220,27,70,171,123,28,143,162,38,141,6,195,73,247,93,30,105,109,13,161,208,2,226,236,218,176,156,115,133,128,243,53,158,215,98,243,213,110,208,131,65,169,216,124,181,167,236,36,245,98,221,237,206,8,227,172,235,230,204,25,123,184,70,141,249,175,251,225,18,230,94,141,128,210,77,65,5,146,153,91,43,199,6,202,162,172,193,104,15,224,43,169,34,60,221,175,76,38,195,199,183,74,28,170,205,149,148,253,87,236,130,77,143,96,92,232,183,5,242,17,84,129,32,164,140,109,92,33,166,103,103,66,156,143,153,111,189,111,20,11,167,149,144,227,228,196,140,43,180,8,93,118,159,135,21,82,119,54,125,111,247,105,229,133,186
277,201,37,158,143,217,75,11,84,197,32,133,75,198,105,59,20,127,200,88,122,163,148,18,79,176,148,10,77,85,54,115,253,104,121,42,80,193,247,63,49,223,102,82,155,137,172,83,140,229,69,197,223,6,126,41,234,244,24,54,192,217,87,173,130,20,3,227,45,120,28,211,25,155,78,48,216,175,46,110,191,129,188,121,150,174,69,161,166,100,135,61,137,123,196,109,70,19,232,233,63,1,139,208,190,92,183,212,75,155,177,157,238,93,151,72,194,251,63,134,53,99,239,142,72,179,121,75,79,56,244,161,217,126,127,120,146,227,218,175,66,60,152,95,182,246,223,27,224,28,146,64,95,16,20,53,165,64,38,146,204,181,250,41,227,184,152,22,0,235,55,136,12,119,21,43,116,42,215,87,222,211,101,12,213,96,28,122,50,237,185,3,2,130,94,27,158,194,162,130,77
60,76,42,183,148,245,215,200,228,253,111,8,168,234,234,243,169,175,185,12,136,217,202,193,243,232,153,48,19,173,115,228,32,113,112,150,98,182,114,209,5,31,92,37,56,200,117,236,74,67,179,67,52,186,169,119,111,121,116,103,218,59,214,217,190,157,212,203,109,168,127,20,58,38,139,120,214,198,55,28,56,30,231,18,216,204,121,1,178,76,237,71,143,238,68,166,118,182,56,248,184,177,225,155,16,19,47,168,63,230,95,100,70,82,90,93,47,106,208,108,239,236,101,223,239,90,19,145,159,97,241,235,187,40,192,93,159,106,216,183,185,216,107,174,22,165,81,171,0,249,104,96,24,91,41,206,168,79,214,195,203,114,24,223,126,105,79,154,231,51,135,242,76,157,133,111,246,14,235,235,123,3,121,175,110,63,27,185,243,141,159,27,36,92,197,149,157,56,61,252,120
628,48,69,25,81,234,114,246,55,23,99,202,81,125,137,79,141,21,156,188,198,255,107,161,183,232,128,28,231,82,182,195,20,35,132,136,203,84,199,39,181,254,99,103,64,129,113,5,20,194,92,129,195,243,159,239,192,30,26,186,52,56,90,75,2,199,107,254,183,128,248,112,61,37,137,121,119,195,114,133,146,183,106,68,133,218,170,79,74,8,132,31,119,64,59,146,18,67,234,82,112,81,57,40,168,230,63,90,177,64,154,113,99,213,183,108,242,81,244,131,90,72,84,94,39,130,30,228,0,78,239,147,24,44,58,73,25,142,73,74,44,22,178,40,5,104,59,141,168,163,12,37,140,159,121,62,158,167,159,24,245,66,173,207,235,108,178,29,217,6,203,16,35,106,210,37,255,199,147,141,115,250,240,55,105,131,72,185,227,127,193,51,21,230,147,5,184,220,239,197,147
629,12,31,179,12,235,244,157,71,51,42,220,101,76,209,134,173,234,84,148,105,31,80,240,192,155,173,106,47,67,220,102,133,131,71,146,95,30,175,192,93,66,177,101,219,192,196,112,95,98,38,6,61,31,191,107,138,83,32,155,241,30,107,135,167,185,128,136,46,221,158,102,24,33,134,133,240,180,248,53,140,99,144,79,84,194,144,169,75,60,10,133,233,24,67,85,131,166,214,51,67,238,49,116,237,189,56,102,59,125,7,109,49,207,158,194,255,210,65,0,98,26,25,129,249,236,116,94,132,221,1,70,80,117,196,31,193,217,74,75,222,175,214,86,150,55,96,230,169,79,43,156,255,45,114,92,136,207,167,229,207,108,177,166,193,101,120,128,130,215,89,240,240,97,111,18,139,72,15,235,40,159,91,127,52,151,125,89,182,243,248,219,144,215,103,59,144,210,112,4,66
146,127,139,167,134,142,154,3,50,1,169,234,242,67,226,230,82,7,110,98,177,6,24,87,226,155,163,166,17,27,53,83,215,99,125,78,132,9,251,142,100,62,107,248,4,166,144,104,101,244,4,212,157,70,41,45,76,43,171,211,171,54,68,93,143,39,7,9,69,238,117,238,25,100,28,121,252,253,107,83,166,225,11,74,102,52,127,99,36,138,106,44,90,123,226,127,5,174,142,102,8,204,181,165,99,23,113,244,58,74,18,86,236,136,90,34,194,231,154,249,201,122,254,202,88,225,211,9,224,111,190,7,220,160,118,25,23,206,51,153,155,22,244,123,68,181,84,162,70,85,201,120,116,147,217,232,174,100,90,105,127,113,59,26,99,103,11,51,105,207,145,46,204,153,240,142,195,226,185,50,14,226,75,245,171,218,181,171,35,100,167,125,204,174,72,64,110,169,96,27,153
900,169,188,31,189,195,237,240,105,66,154,198,68,240,206,57,111,57,218,249,44,105,248,180,22,0,159,247,240,79,103,31,237,120,109,88,145,138,153,59,36,17,11,33,23,141,162,71,128,203,3,209,203,122,143,37,62,170,84,184,23,195,99,123,169,9,19,56,139,112,119,83,79,33,53,106,59,106,16,196,243,114,91,0,81,171,11,197,251,192,100,213,172,80,31,218,151,159,129,138,41,97,235,92,216,127,23,112,15,88,169,241,206,40,11,53,54,210,43,214,43,235,146,91,10,213,243,122,242,84,183,26,55,233,227,225,110,153,197,169,183,15,97,192,146,25,76,20,220,27,160,20,190,34,247,45,87,28,4,139,201,108,134,237,28,187,64,199,255,69,215,227,242,102,85,45,112,94,242,218,254,41,63,143,204,114,3,148,50,17,219,166,101,54,199,175,212,203,253,115,12
790,87,105,120,197,137,223,75,3,115,80,114,196,15,25,85,34,32,110,127,214,239,77,95,250,236,129,206,137,148,183,92,68,83,221,151,28,230,181,207,217,248,40,38,50,143,102,95,203,123,248,207,36,137,197,94,250,93,199,200,83,62,91,134,84,85,223,191,77,176,119,130,224,97,214,34,119,66,53,172,190,5,76,190,188,84,173,107,48,237,49,80,172,104,195,95,237,18,204,188,4,108,207,34,213,74,97,15,13,169,196,182,5,77,139,194,207,80,252,206,80,35,124,118,52,106,201,75,60,252,58,16,68,155,65,68,138,133,12,230,226,92,141,146,141,124,160,182,100,92,41,47,223,40,87,135,124,134,45,172,235,82,225,54,10,111,61,202,137,137,216,231,249,101,252,34,190,53,205,121,192,238,177,48,2,25,37,101,198,201,226,108,100,120,57,238,31,192,243,53,224
139,56,1,81,141,195,10,254,155,241,112,88,67,63,132,116,234,200,118,111,31,210,49,70,82,200,154,142,163,217,199,180,54,202,214,168,86,202,235,90,142,10,78,174,88,133,85,15,204,15,102,167,242,141,103,142,196,241,197,145,26,224,240,222,7,112,203,180,67,131,70,7,3,26,176,73,172,182,58,112,9,244,138,192,239,173,131,24,250,206,159,245,230,62,172,109,78,90,186,242,254,190,157,140,96,140,32,86,0,251,94,153,208,165,79,129,8,17,79,127,132,109,223,139,209,2,32,134,202,239,27,49,98,167,106,182,70,229,166,32,2,120,2,80,117,84,124,181,142,57,62,191,80,10,237,109,96,97,141,166,129,215,149,114,251,231,250,75,117,183,231,222,69,96,209,23,17,167,186,175,52,135,103,31,118,216,149,127,203,27,220,5,155,0,172,156,173,171,218,133,169
598,48,254,58,229,145,76,244,166,247,30,87,93,49,31,130,21,106,72,44,151,30,179,39,223,127,155,1,146,141,192,127,244,92,47,81,225,233,90,76,86,69,140,121,171,240,20,169,162,184,106,68,218,154,6,104,165,195,103,253,130,130,36,36,34,87,197,211,249,254,49,145,109,164,113,133,95,220,36,218,210,119,130,64,66,120,123,223,37,238,44,23,151,192,82,33,76,109,180,54,10,106,189,245,225,227,149,163,195,217,86,165,39,241,208,217,98,5,163,81,129,30,148,243,59,14,128,53,81,119,235,62,55,13,55,163,210,235,45,135,151,12,176,231,185,209,227,100,225,100,131,53,196,127,127,160,54,134,12,119,98,74,253,76,5,74,230,131,152,47,39,170,115,50,83,159,128,43,26,1,236,142,245,156,37,31,65,99,238,217,149,69,186,103,23,218,0,52,140,79,147
639,183,177,124,153,153,211,146,0,124,50,31,76,82,31,100,65,123,171,24,24,23,243,33,212,185,65,187,146,211,195,6,212,23,128,228,173,12,163,142,43,208,0,42,57,227,22,131,72,93,135,163,249,139,14,65,178,107,104,1,152,99,25,155,202,3,215,249,213,57,247,56,159,203,45,204,56,99,145,158,95,136,211,98,215,148,216,219,190,150,113,204,195,134,21,140,22,104,104,167,60,239,131,127,190,45,26,79,134,233,26,11,124,136,103,60,244,247,44,29,143,132,192,103,130,4,125,212,200,54,186,22,130,127,208,238,248,194,180,143,231,213,73,210,227,155,66,241,231,63,113,56,60,175,10,211,89,200,74,135,185,136,111,94,186,238,33,130,58,255,155,166,112,215,190,11,109,43,35,1,174,164,14,130,155,186,53,155,12,32,123,15,48,217,52,20,6,98,19,68,29
397,4,26,52,111,76,70,199,75,33,149,159,68,83,187,248,143,96,25,230,29,60,228,44,84,199,39,194,113,77,211,38,204,1,223,94,119,248,159,97,174,64,141,124,76,10,21,34,103,66,67,207,229,83,28,194,142,70,37,129,34,222,129,196,237,180,246,141,129,252,73,9,24,15,217,0,5,233,243,220,108,70,24,151,149,37,47,21,178,120,106,240,239,77,24,34,48,22,225,158,157,123,6,113,93,230,65,230,197,161,16,199,222,127,203,12,143,142,255,50,125,93,222,152,50,234,172,250,150,45,182,215,21,226,46,219,7,255,100,78,23,67,69,21,193,124,252,54,143,166,192,210,201,192,119,97,175,25,205,31,251,118,234,183,184,48,131,223,71,199,113,112,199,219,116,131,236,114,20,59,185,71,207,149,155,210,78,24,5,78,174,125,138,35,197,122,75,147,225,60,20
791,252,132,212,30,140,177,163,34,108,240,20,76,164,187,60,250,4,195,72,132,183,185,63,217,115,44,34,88,89,165,149,254,155,25,138,105,125,125,39,156,5,16,199,216,158,221,155,61,218,186,76,192,147,229,154,79,233,37,71,254,217,164,129,239,161,118,36,163,108,193,37,240,231,176,222,243,6,127,95,128,218,172,7,99,150,120,153,249,247,237,131,118,215,96,75,198,77,15,37,183,40,72,237,222,156,17,132,198,252,123,130,105,158,7,197,108,188,203,140,198,130,200,199,200,126,115,118,212,63,11,80,43,33,55,33,201,61,238,192,16,132,236,203,28,40,135,25,19,5,134,239,230,54,43,112,140,208,51,208,151,166,242,110,65,155,79,241,96,203,255,11,14,126,151,213,130,73,177,222,135,21,199,139,228,156,13,82,3,199,161,225,245,156,49,13,239,140,24,28,153
759,17,77,83,210,41,247,20,139,242,210,204,190,32,11,79,207,214,253,252,181,245,134,89,28,182,153,213,107,225,218,142,43,66,168,244,26,116,139,182,103,90,189,18,35,186,247,66,207,210,7,195,204,202,43,233,90,132,4,66,160,160,250,57,254,169,172,210,193,25,27,22,162,91,141,132,102,50,184,139,241,173,205,205,182,152,225,186,121,19,204,41,87,42,76,187,9,32,79,186,133,49,255,193,81,104,142,58,87,50,236,92,220,96,38,244,210,5,56,43,73,123,167,126,87,11,47,0,76,222,40,250,156,216,29,191,184,243,102,230,87,177,255,241,7,97,150,178,215,5,14,53,73,211,45,172,119,196,78,165,239,15,116,138,217,230,210,152,191,221,95,190,93,22,58,94,141,160,223,93,16,243,158,46,30,51,180,100,131,89,7,149,155,150,163,191,85,225,104,238,103
870,187,115,71,87,236,95,103,167,110,86,63,201,32,225,83,13,236,105,138,182,67,146,236,65,70,239,19,148,181,93,122,235,107,204,143,165,130,222,6,24,175,175,54,99,36,153,217,40,16,58,211,40,251,252,192,82,30,62,150,46,94,241,59,252,42,163,142,244,247,46,90,56,248,234,226,114,255,106,63,144,65,208,252,83,20,110,255,184,238,239,82,90,113,25,240,9,3,24,61,174,125,45,9,37,7,180,106,164,248,162,171,38,90,36,104,105,4,244,43,58,201,74,161,176,2,69,204,4,76,213,119,62,223,248,237,234,218,242,159,178,22,45,40,142,213,231,243,63,97,247,178,138,18,133,228,21,33,206,168,215,123,186,181,120,33,26,139,93,121,237,168,120,9,11,163,89,56,120,24,231,80,3,93,86,68,132,228,195,59,221,100,21,246,35,228,64,169,189,10,137
108,108,188,19,104,229,81,190,207,183,103,112,225,23,231,70,162,16,87,44,79,202,11,192,29,250,207,20,235,48,78,109,120,44,177,116,9,178,155,96,241,141,208,176,54,38,244,129,146,52,33,226,154,65,172,85,156,76,232,225,213,44,188,174,245,234,16,189,227,55,0,63,30,219,22,166,38,165,151,105,24,181,105,82,68,248,133,207,237,196,3,232,13,39,115,208,193,243,174,131,13,188,142,177,156,186,71,167,118,169,74,101,161,95,227,166,53,134,134,215,140,223,7,234,101,29,31,31,188,85,175,24,105,26,78,130,115,194,200,224,203,61,197,28,198,180,251,202,240,87,239,242,97,115,99,88,46,56,212,61,184,74,236,98,22,250,129,93,160,163,80,76,12,79,171,187,156,39,77,2,219,183,91,201,49,172,181,33,223,14,182,200,61,94,179,169,128,193,197,93,44
510,186,191,26,229,193,160,249,98,95,93,48,108,215,66,1,47,11,113,142,198,69,62,50,86,140,52,164,202,34,154,241,97,49,150,80,77,170,223,134,206,51,110,195,160,50,36,183,226,58,134,13,133,47,1,184,161,18,152,89,249,2,80,225,254,191,237,103,9,61,92,232,14,166,234,39,101,7,226,78,133,75,165,74,155,161,29,193,117,132,91,82,177,55,119,230,145,187,66,237,23,173,185,205,105,12,223,175,68,249,59,100,181,99,236,200,187,131,58,163,81,136,166,32,27,1,139,216,41,96,72,53,166,91,70,59,111,216,120,17,233,114,4,42,179,239,143,44,47,139,69,179,56,158,48,102,17,212,250,186,103,124,73,163,156,97,62,5,165,36,50,173,245,172,151,4,27,231,184,24,23,90,175,178,104,220,217,187,86,7,210,42,35,174,210,203,203,42,87,2,38
844,156,240,112,253,206,99,200,48,50,232,160,178,97,142,189,239,30,91,150,0,202,102,68,130,85,104,94,78,147,9,56,111,8,137,165,24,100,242,168,168,240,108,88,201,9,93,154,24,131,155,70,203,246,15,150,99,241,53,166,134,153,44,81,124,138,65,124,94,166,57,51,145,207,131,245,208,166,231,222,65,2,159,73,244,88,242,132,97,39,81,61,67,140,255,47,61,96,223,96,141,48,214,21,66,0,200,36,78,29,214,106,25,150,17,67,127,122,114,4,39,250,152,66,198,176,220,143,247,134,210,125,164,89,177,84,104,26,63,186,62,42,50,232,225,41,101,32,100,12,147,125,181,170,84,82,150,36,90,45,8,95,39,167,55,169,211,247,10,80,210,14,45,221,77,135,111,45,25,135,91,94,124,14,5,86,74,158,70,61,115,237,205,142,171,197,175,213,13,188,225
557,170,114,224,231,122,5,159,95,135,81,255,84,86,218,166,80,45,110,35,10,38,130,81,243,191,119,166,172,228,159,231,96,57,193,4,178,201,238,8,184,221,68,12,14,250,155,203,166,199,232,250,100,73,92,120,194,90,245,176,153,62,55,17,235,0,225,47,212,230,239,43,16,69,122,232,22,147,42,88,227,233,192,27,240,191,26,169,80,187,172,5,197,255,118,99,142,91,81,45,150,86,154,90,138,224,56,126,216,234,30,247,120,2,157,8,186,29,128,62,36,88,180,170,255,31,173,47,146,170,97,139,58,13,141,177,151,120,216,119,35,162,60,26,97,146,34,28,16,194,216,157,42,130,214,119,125,103,90,54,57,216,92,124,25,227,44,5,7,36,63,188,31,137,139,0,40,118,125,3,198,94,181,33,101,235,91,239,114,9,18,142,243,226,63,55,81,57,89,238,211
245,177,27,150,31,134,82,147,93,133,243,156,25,169,146,103,91,50,47,49,225,99,67,238,94,39,54,241,167,39,216,248,193,167,249,17,235,131,69,66,158,247,10,20,169,117,77,226,37,239,54,253,199,59,88,191,4,99,111,119,117,57,26,248,221,231,21,14,36,111,99,231,161,56,27,59,145,255,239,60,81,163,41,58,233,80,235,198,201,154,101,99,26,50,146,24,100,50,85,246,232,88,157,213,23,5,242,47,185,250,60,171,133,125,237,113,22,121,226,251,225,7,204,232,181,145,13,76,48,9,47,105,76,172,226,154,184,40,10,136,3,53,83,43,59,20,213,252,239,197,37,201,232,90,52,73,100,25,178,234,116,158,211,72,145,201,28,203,29,255,227,91,37,43,78,137,44,46,29,188,182,69,31,33,171,96,252,102,231,212,68,109,41,6,24,183,185,186,16,74,227
483,51,203,193,168,34,67,28,23,253,4,192,233,231,42,118,145,74,197,229,123,58,87,45,112,28,42,205,52,242,170,155,118,2,62,42,83,148,127,150,152,89,134,148,191,213,184,102,69,44,130,144,135,185,157,21,33,20,143,238,30,182,101,231,133,236,222,37,167,249,230,225,212,218,2,143,29,25,212,35,63,76,1,110,245,233,172,252,50,255,159,105,214,225,152,160,97,191,118,249,66,191,93,49,67,224,146,226,187,14,246,168,173,91,245,182,54,49,44,112,52,190,109,142,116,217,86,149,25,67,29,249,60,10,244,201,186,95,56,140,164,116,176,197,167,141,142,147,94,250,58,204,157,71,217,191,20,240,132,243,201,180,246,202,56,31,226,178,33,241,32,16,254,207,69,122,211,155,203,27,231,22,197,151,55,255,110,130,127,179,246,181,22,39,87,24,31,51,151,0,118
86,90,171,136,73,87,78,147,241,216,67,114,108,137,20,196,14,20,68,169,23,239,63,247,13,26,48,25,194,241,234,224,117,47,210,224,199,74,250,32,33,100,72,33,72,8,189,16,191,77,144,57,190,79,253,65,13,106,4,244,248,202,0,181,220,246,224,101,113,122,128,7,244,207,98,244,157,94,29,208,202,146,87,126,254,42,229,80,249,206,25,185,25,189,78,18,153,39,228,182,195,69,62,70,113,180,147,139,174,164,58,49,152,211,118,244,112,185,26,23,67,148,212,106,143,41,19,238,157,176,124,182,225,59,92,52,50,146,11,244,153,43,19,205,212,24,236,253,149,19,49,202,224,85,177,212,19,252,252,127,220,207,220,223,224,40,31,31,41,30,48,19,15,215,22,83,118,118,68,175,192,202,74,31,123,46,8,44,79,233,114,64,17,42,34,63,192,213,238,22,21
103,174,33,106,74,43,123,31,182,111,117,125,167,120,52,68,225,179,114,15,247,50,41,250,87,18,45,43,140,29,196,82,231,61,255,248,81,251,1,65,235,2,162,64,120,194,64,187,167,5,93,241,173,216,16,71,34,60,212,144,47,64,224,87,144,12,253,105,128,224,115,119,43,185,134,117,166,127,145,190,232,165,196,22,8,155,151,41,103,146,171,135,212,183,130,172,224,207,202,234,110,99,124,155,14,189,114,129,179,103,63,238,106,70,104,99,47,245,232,53,246,16,116,64,214,162,131,148,153,213,173,120,225,212,38,126,84,89,136,245,61,221,130,77,125,23,46,66,140,205,201,155,131,193,93,166,108,91,148,106,70,187,9,134,6,236,154,24,200,69,23,164,76,140,80,177,181,19,58,62,41,214,16,22,109,80,69,51,65,52,0,160,217,244,132,100,246,226,178,146,13
34,209,28,96,205,127,154,205,192,205,62,155,252,202,84,118,81,106,15,171,108,27,80,158,41,75,95,114,3,157,173,247,205,90,120,37,135,102,46,201,124,225,126,116,96,209,226,145,118,130,34,202,137,196,129,62,28,211,138,196,72,209,244,178,142,20,238,115,166,159,249,1,135,174,127,144,72,116,88,47,158,168,136,154,187,128,187,73,77,43,28,149,27,170,2,141,6,96,227,110,195,11,210,114,79,125,122,242,113,135,234,222,237,238,54,135,237,85,90,201,121,54,9,122,217,100,90,224,99,129,183,221,216,246,45,105,32,35,185,43,243,247,3,129,189,140,90,12,199,12,236,193,62,97,85,140,159,67,102,147,235,34,245,56,38,18,254,25,29,107,9,199,12,162,172,89,225,241,131,70,254,205,76,48,168,161,137,130,145,228,104,4,38,26,83,122,93,9,47,124,87
304,187,253,115,55,125,216,8,111,198,214,95,72,61,159,132,212,49,205,15,40,71,89,232,125,134,167,114,126,229,254,235,83,117,181,243,238,209,255,231,235,12,118,127,243,237,220,74,160,129,210,20,64,27,99,249,162,124,243,240,159,70,57,106,225,67,165,151,74,98,216,59,32,66,39,215,154,141,106,45,186,189,156,105,247,187,115,251,201,80,170,172,170,159,81,178,9,196,169,159,48,161,28,51,15,124,203,92,162,203,255,137,0,56,199,183,80,251,245,94,239,237,216,76,91,249,55,120,50,217,183,13,158,139,229,83,222,206,98,62,145,149,156,232,156,55,2,220,84,215,144,179,161,183,88,84,126,167,228,68,88,216,199,19,130,239,215,52,246,54,176,77,190,5,78,151,242,160,174,69,89,30,25,183,198,68,131,218,211,141,154,227,220,198,247,216,133,236,89,62,38
600,98,96,14,173,143,180,47,188,206,45,144,83,203,58,212,238,103,82,144,169,219,69,85,173,97,190,209,52,81,238,204,143,89,134,76,128,219,80,151,232,134,196,176,101,5,88,105,156,151,202,70,102,138,13,92,220,239,146,46,170,168,63,247,146,174,224,153,251,61,44,33,28,121,218,21,51,241,135,87,111,237,69,87,188,44,208,70,171,217,57,99,6,100,140,0,242,91,203,131,196,195,46,234,144,51,112,40,111,192,110,115,30,206,94,32,26,38,233,77,92,222,243,161,64,223,249,105,104,7,242,1,253,127,35,97,29,68,159,215,126,157,150,91,141,8,50,54,34,175,169,132,239,60,57,135,249,50,169,102,185,5,65,81,200,50,42,8,159,136,140,219,12,137,143,37,61,211,73,153,188,206,146,114,198,22,75,231,59,221,88,123,212,105,207,17,83,239,175,158,248
896,92,95,149,29,39,11,165,179,79,234,239,211,62,148,140,253,115,248,224,52,151,205,14,159,28,89,167,12,196,141,142,108,209,204,156,39,42,6,28,181,106,17,161,202,254,147,89,146,244,18,250,60,158,64,209,67,25,10,56,186,54,188,53,119,222,36,57,187,33,87,245,123,53,43,232,83,28,80,85,229,61,105,164,105,81,101,110,59,168,27,116,22,175,162,116,244,162,175,143,138,129,33,174,86,44,114,251,76,220,65,148,137,100,167,161,145,178,27,93,58,202,14,80,54,49,168,178,45,36,13,111,159,3,116,144,13,67,117,207,254,154,134,173,33,221,60,156,166,93,142,70,9,70,32,211,28,135,29,162,157,73,62,34,155,187,72,167,139,198,189,119,17,78,19,144,115,16,140,27,177,122,203,180,150,240,237,210,204,140,141,152,206,148,110,9,176,105,125,22,214
39,247,90,200,192,238,43,110,89,150,155,102,100,70,236,174,142,138,16,74,222,37,127,69,4,63,231,202,87,193,190,186,187,231,213,225,84,156,239,237,214,12,191,119,131,30,199,114,20,205,162,179,95,242,212,81,63,220,131,19,23,84,223,85,183,25,17,21,145,17,67,79,1,58,182,36,183,251,55,34,156,93,159,227,224,20,235,183,46,74,169,50,22,142,159,244,184,146,246,118,36,208,71,74,57,216,58,246,78,119,148,189,41,96,122,221,68,220,140,230,1,182,173,38,0,57,130,129,27,155,82,189,127,107,213,110,105,128,2,19,109,196,184,35,179,71,193,49,196,111,164,132,119,158,89,253,252,36,188,198,144,60,117,134,60,11,106,61,76,115,167,135,118,42,59,234,17,102,57,39,237,6,138,43,106,164,194,188,212,84,233,110,177,178,222,126,44,185,146,1,239
800,232,208,39,178,39,56,236,216,135,24,57,10,93,80,66,71,250,55,111,247,132,25,124,134,191,159,67,125,159,38,69,238,119,124,188,160,125,188,172,110,136,69,1,145,113,189,154,86,35,27,235,153,189,240,20,120,63,108,145,61,142,58,241,179,9,53,136,122,94,7,88,171,47,253,235,117,95,237,53,93,156,10,99,229,61,92,177,105,90,157,43,52,29,113,239,107,219,184,247,71,57,198,29,22,28,50,120,119,12,64,234,203,46,166,168,179,38,170,100,64,105,51,27,213,63,159,182,110,210,21,248,203,164,79,106,205,83,103,126,83,118,195,33,240,164,63,167,185,121,199,145,66,19,75,133,95,0,22,99,222,180,245,134,70,133,212,226,162,82,77,134,141,139,86,208,151,103,23,70,168,16,176,63,213,100,47,50,25,238,160,190,31,38,243,246,85,78,83,254,68
484,89,86,84,149,165,38,14,118,97,127,162,215,119,153,230,167,163,113,134,232,172,31,63,108,219,206,166,141,200,169,45,135,22,51,39,143,88,194,189,148,72,51,39,206,160,138,230,244,196,249,198,56,157,94,19,162,122,180,116,125,247,174,178,168,220,148,23,22,26,240,45,50,155,45,105,100,194,202,89,223,88,115,87,77,200,203,78,219,16,133,173,69,16,121,3,28,120,215,96,88,126,6,55,22,4,183,247,252,102,7,38,201,223,146,104,217,136,17,92,135,250,90,239,244,173,184,178,70,250,246,3,96,148,216,66,1,80,70,55,213,104,121,34,81,240,189,215,123,149,136,1,120,162,76,21,190,136,59,224,51,231,177,80,229,73,213,112,192,62,219,63,123,176,0,18,80,214,163,181,158,242,158,120,184,85,105,98,80,24,30,77,166,40,217,209,235,252,67,66,115
366,77,159,160,181,147,53,27,121,23,20,64,96,225,39,7,210,240,108,170,225,131,27,58,69,87,191,83,190,247,53,149,121,225,112,91,28,62,147,61,65,204,198,4,15,51,241,45,202,106,210,202,134,45,26,23,58,62,7,147,231,237,216,151,246,156,50,135,8,252,155,205,239,199,173,146,226,196,77,170,143,237,125,228,59,178,77,220,0,123,1,116,56,125,35,105,248,65,177,109,102,169,167,140,94,166,222,135,238,127,112,70,94,106,93,74,190,237,53,90,52,56,96,121,248,12,194,90,198,118,124,246,11,71,212,9,113,86,71,48,253,136,253,121,148,218,46,230,246,161,180,197,236,147,180,119,143,197,64,0,147,134,215,232,243,96,61,44,169,234,153,224,218,33,73,49,190,239,176,69,30,127,28,221,70,119,226,43,156,94,197,78,183,98,241,152,209,144,177,92,165
986,189,2,201,23,61,37,187,73,55,214,122,27,238,196,74,143,41,226,91,252,94,54,238,33,28,99,100,15,60,152,31,85,43,215,165,166,151,137,35,231,169,34,138,114,248,74,225,78,94,72,206,66,252,168,233,113,85,197,247,61,119,212,190,120,177,73,219,247,28,189,95,112,39,122,189,87,45,70,238,18,119,203,9,119,98,254,15,146,75,176,193,72,235,128,51,97,135,241,224,99,200,89,132,90,15,240,15,239,236,6,34,68,26,190,165,92,220,11,98,6,109,46,91,42,71,200,147,55,152,137,127,135,53,236,217,235,69,66,200,77,215,86,133,250,75,16,161,213,2,251,41,86,156,7,97,156,72,107,184,106,87,26,88,177,219,224,211,119,213,174,114,7,253,184,112,71,236,183,225,60,226,165,194,8,47,204,101,195,193,226,169,247,133,39,193,3,116,36,38,162
862,251,23,160,44,234,247,166,152,106,147,124,101,164,250,160,97,192,37,183,69,88,164,93,153,108,127,40,91,176,206,190,155,7,165,93,47,11,20,115,100,111,187,122,93,181,52,237,233,75,171,63,132,144,193,143,97,61,71,162,213,177,173,197,119,71,154,116,55,72,248,122,164,153,83,110,83,31,106,177,209,75,74,185,237,171,89,130,245,224,170,34,239,94,236,214,167,70,188,185,22,13,144,87,220,177,243,112,134,221,35,196,211,54,180,97,67,108,73,49,120,140,95,148,173,7,145,28,17,216,177,34,36,242,41,214,31,52,93,97,83,238,55,21,61,128,61,145,95,235,162,165,109,155,73,81,18,203,7,59,203,169,232,109,141,158,194,198,65,144,2,92,2,58,184,174,164,88,127,110,139,253,164,220,157,41,47,57,138,31,250,80,28,143,2,16,60,113,7,147,115
484,146,41,103,218,129,176,26,29,219,243,183,94,227,6,110,18,171,145,6,92,185,247,37,66,164,233,12,178,6,202,178,140,20,116,156,93,47,205,41,7,9,110,12,133,195,162,126,10,214,198,190,65,42,205,229,57,71,153,221,107,219,97,218,236,7,6,121,218,251,71,83,43,212,192,106,114,205,186,113,0,30,71,178,117,26,124,161,49,146,41,53,154,114,121,218,2,218,73,73,238,138,15,69,129,24,23,200,31,141,125,55,181,135,131,199,87,85,142,21,185,77,136,75,170,132,6,179,68,26,169,55,168,118,175,241,32,186,105,159,42,214,105,147,195,85,113,8,46,13,244,68,78,220,107,73,178,14,121,235,133,122,248,65,160,95,112,156,144,214,150,2,2,200,157,173,251,159,25,25,179,15,88,200,146,123,193,72,41,175,211,75,120,110,152,33,170,44,101,45,163
509,218,177,108,197,163,94,22,101,170,160,127,96,213,253,223,80,226,20,65,21,121,122,255,242,145,79,168,59,136,71,209,125,110,123,42,209,229,78,254,247,201,189,199,101,255,36,172,85,255,196,247,144,199,247,76,151,215,114,191,228,125,186,147,239,251,48,248,143,248,111,143,12,81,156,79,40,216,107,68,187,50,161,200,183,176,132,93,231,150,134,159,165,35,133,9,96,251,202,239,196,79,249,107,252,253,122,215,174,168,179,153,96,24,130,176,189,255,205,53,52,37,31,84,68,225,209,226,26,99,82,6,126,93,171,7,31,114,78,36,142,173,15,218,47,123,150,145,113,18,217,91,94,237,50,65,141,46,82,71,60,149,186,81,158,126,40,229,80,37,171,168,68,233,13,79,146,72,105,198,25,51,27,85,153,181,11,144,200,184,242,208,123,13,228,60,120,207,229,74,141
596,153,188,11,51,156,131,25,192,190,42,197,242,71,177,31,199,218,127,214,138,132,87,56,235,87,6,196,157,222,51,164,157,187,227,166,70,43,201,130,136,186,116,87,99,100,107,12,3,70,52,89,20,175,110,240,239,25,4,138,122,12,126,234,169,146,194,26,89,251,194,218,207,227,84,148,244,1,247,208,202,24,8,15,228,16,113,234,147,131,7,170,248,0,208,67,118,139,87,141,231,123,132,216,105,71,191,154,112,56,67,13,60,220,86,129,185,178,110,129,0,54,150,236,99,194,188,148,237,31,98,87,56,242,45,25,30,245,135,78,145,116,136,106,216,219,199,127,17,105,124,108,33,17,78,98,224,124,110,243,181,63,164,253,190,77,98,90,57,59,58,153,92,248,98,246,13,30,235,66,102,90,15,120,236,7,4,3,215,154,161,139,88,24,236,249,181,17,148,202,58
696,171,218,124,63,63,129,213,146,251,163,238,189,145,111,247,22,58,53,137,198,4,139,34,65,76,56,124,0,58,50,122,164,193,231,121,155,218,69,182,249,44,181,187,129,230,254,142,218,76,190,16,113,52,191,178,157,205,68,191,144,152,156,249,65,10,253,137,12,36,99,4,180,161,103,146,223,33,84,211,107,76,6,92,121,28,153,110,78,46,36,170,115,77,254,136,122,23,177,142,145,196,118,157,248,227,8,48,120,115,88,119,33,7,86,227,151,15,95,52,58,207,119,189,175,2,199,90,201,240,239,44,5,145,35,79,220,188,170,17,74,77,207,130,111,163,44,36,175,148,134,123,11,28,123,38,128,215,176,15,217,7,140,120,229,141,192,42,2,6,42,216,253,69,183,54,166,94,149,98,198,145,174,28,208,150,216,75,142,111,220,228,178,246,62,179,3,228,215,214,130
849,168,85,9,70,154,93,199,198,80,210,67,217,115,170,37,187,195,11,61,145,141,144,142,14,131,73,212,216,105,160,242,123,178,201,215,229,118,139,80,72,28,13,157,243,33,55,123,209,105,178,152,174,233,76,65,190,165,203,226,209,230,100,21,186,144,254,58,173,218,150,208,121,120,24,0,11,213,135,237,246,213,17,236,224,148,98,103,8,232,216,12,131,1,81,251,144,104,158,157,25,241,12,224,33,49,147,3,28,143,74,104,15,254,36,141,148,78,214,62,7,200,21,121,105,47,187,67,175,209,203,249,40,110,232,204,189,33,138,24,182,23,61,58,3,224,172,235,68,250,106,169,240,72,132,252,208,18,107,64,124,55,173,91,249,226,44,179,33,188,204,228,54,24,177,131,82,103,12,108,39,185,140,216,108,237,57,80,31,175,232,13,249,88,117,251,164,233,240,180,101
377,101,67,127,245,153,208,252,99,168,27,21,241,3,197,42,23,88,155,178,255,96,183,193,13,60,74,108,91,196,26,115,240,40,133,105,25,191,24,95,221,88,36,96,124,204,150,111,144,133,77,209,51,223,65,146,111,18,82,233,63,185,38,34,123,64,155,166,252,94,36,166,171,209,45,248,195,25,220,15,69,150,106,106,219,9,37,236,227,178,146,240,141,211,174,160,176,123,190,15,167,130,216,90,52,145,205,111,177,165,63,19,159,191,212,105,182,24,81,22,204,30,115,140,66,84,35,128,37,206,237,0,35,158,229,248,5,232,3,166,16,242,214,66,191,10,113,4,176,235,191,203,240,160,63,239,35,102,73,71,139,242,186,112,92,0,44,115,83,193,229,71,35,79,16,197,161,190,129,132,115,168,37,239,12,157,103,183,75,159,222,221,226,138,189,39,179,230,163,82,19
11,206,194,229,255,33,214,72,43,181,77,171,196,109,59,229,87,140,94,204,164,209,111,96,0,17,87,198,136,106,158,138,156,143,233,40,195,166,89,223,44,135,23,161,184,26,141,221,108,18,85,141,249,125,34,126,214,42,100,4,69,17,154,220,88,126,141,148,232,18,201,139,78,217,224,144,30,95,127,107,139,73,30,251,192,68,205,218,177,229,106,133,208,238,228,127,94,243,169,159,152,26,57,188,240,129,197,251,166,230,216,117,145,89,252,196,131,22,75,7,206,223,99,128,69,215,139,156,123,223,112,4,21,80,40,167,61,61,5,253,64,217,26,95,1,15,195,36,49,220,8,138,12,28,16,54,25,9,193,130,62,242,104,93,94,31,184,49,67,242,180,162,213,161,23,163,223,234,218,68,154,82,172,89,153,121,36,93,35,43,160,100,237,117,58,69,175,66,5,88,213
511,98,143,214,10,67,164,28,210,24,245,58,62,224,60,241,192,36,128,129,41,131,112,27,205,43,108,111,225,221,167,41,246,59,31,145,240,211,9,180,202,121,149,18,83,39,76,185,7,155,245,17,72,15,231,44,195,75,161,182,200,200,135,184,205,10,195,94,75,133,170,205,32,124,167,214,220,142,159,105,68,46,211,56,91,188,11,201,156,67,208,154,58,174,225,173,82,200,226,77,122,49,124,129,92,203,57,4,83,162,34,231,146,41,190,86,194,2,12,137,102,246,71,36,184,1,152,176,184,147,23,148,145,160,111,247,5,150,253,71,142,177,173,202,8,4,71,151,80,97,113,31,74,203,100,4,163,40,166,66,83,226,81,125,91,244,254,239,229,156,102,65,105,25,126,199,24,67,223,144,176,89,46,182,255,31,12,112,33,207,95,75,246,144,237,146,119,72,27,115,59
43,235,200,145,20,180,119,116,26,141,184,24,5,198,153,25,142,195,78,243,115,124,68,34,240,124,56,80,191,81,111,135,129,69,191,212,40,115,44,96,187,206,54,132,185,114,142,152,128,69,180,212,156,215,92,112,25,170,168,246,1,115,204,214,187,25,113,114,42,231,194,153,42,217,37,133,238,240,12,208,55,36,28,100,185,39,209,206,133,152,0,85,79,227,110,226,185,93,148,34,121,81,186,189,31,37,217,189,158,125,254,101,91,202,249,62,156,37,147,121,137,130,116,102,175,222,225,25,246,61,91,202,219,219,139,160,239,50,50,7,214,85,227,115,225,143,107,58,146,123,210,240,89,32,88,38,73,154,190,30,247,223,83,118,58,139,187,193,186,137,112,171,236,224,34,183,233,164,204,185,104,236,205,89,9,161,189,117,118,46,73,138,226,73,104,40,165,121,52,75,233
449,87,212,220,161,39,45,188,235,204,29,63,245,206,10,126,92,76,23,241,42,230,241,167,76,52,33,6,106,191,219,109,164,179,180,56,195,171,152,132,197,14,160,102,247,0,141,249,167,74,74,175,244,26,219,233,224,205,100,129,245,242,197,135,51,247,65,223,25,178,213,210,250,123,211,94,212,33,22,245,153,205,116,191,19,247,80,87,51,158,8,82,172,33,106,47,73,103,20,250,111,250,74,191,17,151,194,248,175,51,67,102,40,99,184,240,224,104,58,140,238,66,27,141,104,230,208,153,143,52,195,133,44,243,125,253,184,194,78,135,150,230,140,225,189,30,174,186,199,101,26,230,120,242,241,200,181,23,23,180,197,110,52,47,130,63,224,51,48,48,235,254,37,230,14,161,252,31,67,67,223,195,108,68,239,90,14,237,41,37,45,155,86,157,114,239,110,200,76,19,119
919,165,134,210,46,67,186,53,186,161,159,230,235,128,199,46,106,251,146,39,103,201,93,182,35,158,250,55,70,162,69,85,71,28,177,49,212,218,197,222,100,155,147,128,111,193,20,255,31,48,91,214,15,37,78,11,122,124,75,117,97,96,61,255,15,108,84,67,108,66,39,208,150,74,44,83,238,74,220,141,81,57,3,190,71,130,134,113,0,221,119,167,98,152,51,43,17,225,16,60,183,179,243,9,101,108,190,60,177,126,68,178,36,245,197,126,51,102,182,158,30,49,164,171,76,209,255,163,35,126,63,111,86,67,204,14,146,19,18,41,135,250,90,213,41,71,222,47,177,125,192,76,75,48,248,137,8,231,220,130,166,228,1,251,215,3,208,177,19,68,85,52,127,157,98,139,114,181,56,102,168,1,241,245,209,100,236,90,247,188,121,175,46,2,39,31,8,235,44,64,83
890,218,201,75,145,69,95,101,22,163,176,156,17,72,228,232,37,147,176,71,251,36,80,248,41,234,245,245,215,94,235,20,49,209,40,192,232,33,48,110,141,199,148,99,29,186,154,127,63,5,47,223,227,8,178,66,50,177,145,242,46,209,225,53,29,200,24,164,15,186,153,201,12,159,143,57,222,14,28,176,220,165,179,31,71,42,12,96,62,77,97,39,107,108,233,209,125,0,248,144,69,52,174,155,208,207,195,54,167,202,98,4,214,193,193,85,95,59,70,132,23,244,170,107,94,26,200,242,201,162,148,50,172,135,208,93,247,148,46,105,233,71,81,163,61,179,35,155,101,170,37,231,236,85,240,251,186,78,195,176,158,80,218,29,191,49,8,192,109,187,119,71,224,48,97,171,42,236,236,191,21,25,90,48,236,144,132,68,154,53,239,118,19,203,97,242,71,240,246,179,0
94,76,170,89,76,95,161,248,186,133,189,255,42,81,61,108,143,5,35,115,105,225,50,44,85,46,162,252,37,160,148,179,212,74,231,160,66,110,44,87,134,176,121,135,213,18,109,154,50,118,205,141,34,162,132,147,107,64,144,124,88,9,189,54,17,255,88,33,133,152,24,89,99,85,63,239,48,30,178,123,190,244,146,5,108,175,160,150,183,174,220,138,73,32,125,71,202,20,100,19,48,9,151,217,188,245,240,90,57,190,172,254,200,53,149,229,92,34,215,63,123,61,49,83,252,231,105,141,254,9,91,226,134,3,187,172,58,171,189,227,28,1,73,238,60,79,99,51,99,113,111,158,96,75,72,209,182,178,83,221,49,99,193,115,105,105,251,202,0,210,35,119,16,50,127,212,188,125,232,195,0,105,200,144,224,160,250,183,124,82,104,16,155,245,17,250,29,246,123,166,118
581,224,120,28,73,184,101,9,199,168,178,64,125,175,240,169,248,105,187,153,238,52,187,61,185,72,67,109,224,206,227,197,198,154,101,80,199,62,231,193,26,185,252,188,51,220,21,144,253,198,186,225,243,82,20,190,18,96,220,202,115,137,70,1,187,211,147,61,166,184,199,228,39,51,85,28,238,231,234,235,18,190,53,25,193,138,239,119,166,123,171,216,254,5,177,118,154,155,106,159,238,184,173,75,213,80,90,126,174,200,206,76,136,57,245,76,9,235,131,145,171,50,35,214,154,228,233,64,89,231,119,181,198,51,241,19,222,182,133,227,96,162,143,170,183,69,114,101,251,241,216,56,112,14,171,2,120,121,238,96,137,186,57,57,87,5,56,200,23,162,182,13,94,83,59,133,191,47,24,75,63,47,2,33,196,106,117,100,44,64,76,197,131,31,116,155,148,67,27,132,109
104,30,65,141,143,140,118,254,211,140,181,223,86,199,176,58,75,245,205,100,134,88,216,91,252,32,30,61,162,169,178,243,165,155,59,36,13,35,7,56,24,9,104,234,49,2,71,70,13,251,123,149,73,128,74,169,100,29,209,125,11,254,198,241,212,167,242,189,183,201,182,217,100,143,13,123,254,117,103,223,84,162,43,121,7,133,28,16,49,78,203,182,29,159,204,204,183,70,237,125,136,43,133,136,49,200,23,17,130,105,172,106,254,152,205,85,53,151,79,163,142,158,176,122,95,178,205,200,154,37,245,239,133,130,28,250,75,4,125,242,188,165,208,68,3,53,94,230,208,158,116,36,161,221,197,45,241,188,154,172,23,72,152,197,64,213,232,252,242,231,171,82,248,79,226,135,132,88,80,18,0,199,109,191,224,58,120,95,47,244,121,251,201,168,243,174,211,62,145,177,40
953,115,94,14,53,86,83,111,226,68,93,19,197,86,20,232,82,42,137,246,179,162,231,223,237,107,136,247,87,218,226,62,255,105,118,237,180,194,163,122,80,132,151,145,218,227,196,100,20,87,83,57,231,233,226,252,247,41,149,139,151,156,169,17,130,245,31,238,125,44,181,130,96,11,196,190,143,210,127,65,53,44,237,95,154,56,131,214,204,34,99,14,61,108,153,28,12,7,75,11,156,96,185,155,98,135,190,173,46,154,93,246,52,41,174,223,241,186,12,236,128,33,192,70,202,17,103,65,244,180,230,210,214,165,250,96,180,38,73,7,175,107,221,133,196,116,212,29,111,86,180,38,217,251,138,8,202,193,51,111,195,42,51,250,179,98,2,245,113,203,59,217,81,226,197,212,65,239,140,150,68,205,102,183,58,58,68,253,202,0,115,24,69,164,108,63,43,235,84,8,210
461,221,251,132,36,170,26,132,169,128,159,15,171,91,163,55,1,116,226,12,184,93,24,164,191,39,114,102,23,23,6,91,142,231,42,6,173,218,243,57,146,101,42,210,104,93,71,14,111,172,58,33,119,8,10,198,151,85,245,237,146,58,49,126,6,166,233,146,219,95,35,220,14,213,244,73,171,253,124,172,128,2,88,245,249,68,237,89,231,166,33,108,23,122,192,226,194,30,52,217,30,199,246,145,191,82,53,129,63,181,15,15,55,138,78,85,1,71,105,250,84,251,81,151,115,226,15,177,19,112,103,30,188,122,38,87,74,240,114,140,18,126,87,59,118,141,89,57,65,164,208,128,75,215,59,107,212,148,10,75,102,39,228,207,143,119,159,75,9,5,146,139,151,12,73,148,54,215,226,251,155,84,71,86,82,116,77,154,143,192,8,0,57,220,226,113,59,144,43,89,238
778,168,79,15,89,93,152,115,14,178,47,54,70,188,178,245,135,211,248,143,68,183,8,158,137,44,218,143,47,37,163,125,238,158,166,87,17,253,133,66,74,172,146,99,84,211,79,23,171,30,241,11,111,196,115,164,178,127,107,193,2,118,102,80,13,250,108,169,103,162,227,185,253,222,105,185,17,91,232,87,40,14,74,98,57,19,54,254,98,188,169,30,121,132,203,166,193,129,201,185,56,230,14,180,222,204,229,214,73,64,192,81,116,81,250,185,3,38,42,39,190,28,41,205,208,65,37,46,56,201,208,205,212,89,161,1,129,48,73,7,2,97,194,178,170,20,207,46,77,57,187,0,0,86,213,103,236,153,120,70,163,62,24,158,56,210,100,8,64,115,239,221,126,125,205,108,89,155,219,126,178,72,32,148,238,80,225,104,74,58,208,85,121,132,101,35,96,220,132,50,72
621,189,157,135,166,32,137,104,190,163,237,154,41,238,138,62,19,65,11,66,104,30,101,105,126,63,116,177,45,11,52,252,57,177,1,117,74,133,225,111,246,246,255,216,51,4,45,116,27,20,129,226,225,90,76,114,47,132,190,109,224,55,43,1,79,250,231,141,176,94,111,119,166,41,132,15,92,246,7,49,84,100,52,189,24,31,151,73,3,181,76,148,43,62,67,20,171,188,106,52,209,155,33,82,21,84,122,43,87,187,170,113,71,73,185,170,222,64,9,115,78,182,50,86,190,131,172,116,97,207,197,47,44,207,4,215,109,53,144,211,203,242,223,222,33,188,51,44,136,122,75,179,106,234,146,180,81,174,223,219,34,109,12,123,160,216,227,147,145,127,76,202,85,220,47,104,0,6,6,28,121,7,63,187,132,242,163,255,95,2,51,21,49,51,3,156,90,118,33,141,62
817,147,65,200,193,151,206,117,169,129,170,142,71,91,29,82,227,167,136,232,215,137,183,117,159,10,248,210,9,234,62,23,135,160,212,55,42,209,17,40,232,208,116,196,151,107,125,229,132,251,89,0,208,210,144,33,65,195,53,22,69,92,157,18,174,177,134,195,158,125,248,252,36,223,63,45,211,15,107,153,128,190,120,96,122,75,241,194,115,157,3,57,99,243,199,96,252,59,178,254,114,249,164,250,42,155,77,228,56,123,78,176,9,99,222,222,195,32,203,175,232,233,100,18,177,250,127,211,29,198,37,95,60,203,64,210,188,66,232,211,38,129,98,25,11,250,194,193,188,68,254,205,88,173,76,241,116,64,15,138,90,52,249,86,120,145,157,197,100,52,146,15,244,21,239,32,67,130,115,154,38,207,119,54,18,130,198,105,129,188,103,50,152,66,14,2,144,215,181,172,26
894,156,184,39,22,204,244,183,21,190,162,139,126,66,158,9,214,55,8,139,68,41,192,181,206,168,239,28,139,88,59,105,231,58,166,11,168,215,224,111,182,180,58,198,100,173,211,241,208,1,164,196,54,211,42,193,118,12,131,248,87,99,175,230,233,248,24,242,22,129,1,99,36,118,223,150,232,236,23,23,178,95,215,255,129,137,180,88,7,214,23,23,190,125,116,175,184,156,113,13,241,87,74,159,22,100,167,119,248,63,63,155,99,65,111,22,83,195,221,125,23,2,247,108,31,191,38,50,50,225,242,52,86,77,22,176,55,161,96,135,195,187,90,137,14,231,72,249,11,209,67,118,143,207,141,158,50,114,31,92,196,234,230,122,20,234,178,107,97,17,26,184,3,13,168,25,246,33,73,191,217,65,138,3,89,190,69,55,46,40,46,208,128,181,130,19,106,43,114,154,80
103,178,77,123,88,214,230,57,71,188,122,253,79,206,30,117,154,158,125,184,161,14,88,254,63,147,184,11,11,202,44,41,140,225,208,134,180,4,207,17,148,89,170,97,175,11,187,69,126,53,84,147,188,42,112,141,34,2,199,227,22,111,240,215,142,78,9,25,176,175,5,211,162,223,89,112,103,60,154,166,46,23,237,217,24,11,185,13,41,202,60,232,147,150,41,119,120,146,188,146,226,32,214,207,183,234,238,154,94,7,192,169,183,85,177,74,146,216,214,81,30,221,220,108,134,6,93,25,109,29,213,30,163,29,225,255,128,148,246,98,154,201,39,35,199,168,85,241,82,213,43,41,222,46,170,69,91,253,25,55,251,28,90,63,164,80,85,205,222,27,164,27,187,45,235,52,100,137,42,248,162,197,86,128,219,154,99,44,190,142,19,9,199,110,69,245,229,140,255,148,186
723,73,147,187,82,145,25,154,92,230,221,101,172,38,131,119,106,68,24,67,112,124,5,66,109,8,39,208,4,74,206,205,10,161,132,48,252,173,183,253,172,9,216,89,18,151,89,85,24,185,113,162,129,123,212,55,138,40,131,114,99,229,71,214,252,135,76,114,110,152,202,206,99,142,180,81,214,119,94,162,42,57,6,120,132,74,177,141,200,226,31,234,13,12,185,221,70,39,85,172,104,164,138,66,224,200,23,100,62,106,118,118,87,228,241,95,25,217,17,210,9,43,42,209,5,26,4,232,74,248,47,148,17,17,102,81,42,157,233,56,235,36,24,129,196,137,30,118,27,84,30,160,143,239,70,205,184,29,179,124,237,215,35,204,83,178,184,194,35,51,173,144,209,164,113,42,132,114,181,10,86,61,107,131,250,100,118,177,0,166,50,7,4,54,68,118,238,253,196,55,128
339,154,147,146,43,129,46,63,126,102,160,251,23,83,244,103,221,135,179,158,96,46,71,15,206,117,84,149,116,180,154,248,222,151,88,219,33,253,79,14,68,8,245,228,34,152,223,39,237,54,163,103,165,43,208,148,91,6,127,118,139,158,150,229,105,44,16,19,235,236,116,174,112,15,83,225,63,227,175,221,5,20,140,61,27,164,54,64,178,231,123,167,208,55,23,61,28,162,200,99,79,130,50,198,163,59,26,97,4,123,4,128,186,89,57,40,107,29,176,61,99,12,254,6,212,21,203,212,147,177,106,52,40,53,80,55,121,251,129,21,107,234,225,129,62,112,69,220,20,14,2,74,81,41,137,161,14,223,46,218,187,17,42,127,86,0,115,69,223,158,142,52,202,80,94,218,100,97,33,2,147,113,63,141,105,204,110,14,85,137,32,69,30,46,219,222,212,128,177,122,210
